{
  "flow_type": "data_list",
  "flow_name": "user_province",
  "status": "released",
  "data_list_name": "user_province",
  "rows": [
    {
      "id": "ilocos_norte",
      "name": "ilocos_norte",
      "text": "Ilocos Norte",
      "region_id": "ilocos_region"
    },
    {
      "id": "ilocos_sur",
      "name": "ilocos_sur",
      "text": "Ilocos Sur",
      "region_id": "ilocos_region"
    },
    {
      "id": "la_union",
      "name": "la_union",
      "text": "La Union",
      "region_id": "ilocos_region"
    },
    {
      "id": "pangasinan",
      "name": "pangasinan",
      "text": "Pangasinan",
      "region_id": "ilocos_region"
    },
    {
      "id": "batanes",
      "name": "batanes",
      "text": "Batanes",
      "region_id": "cagayan_valley"
    },
    {
      "id": "cagayan",
      "name": "cagayan",
      "text": "Cagayan",
      "region_id": "cagayan_valley"
    },
    {
      "id": "isabela",
      "name": "isabela",
      "text": "Isabela",
      "region_id": "cagayan_valley"
    },
    {
      "id": "nueva_vizcaya",
      "name": "nueva_vizcaya",
      "text": "Nueva Vizcaya",
      "region_id": "cagayan_valley"
    },
    {
      "id": "quirino",
      "name": "quirino",
      "text": "Quirino",
      "region_id": "cagayan_valley"
    },
    {
      "id": "aurora",
      "name": "aurora",
      "text": "Aurora",
      "region_id": "central_luzon"
    },
    {
      "id": "bataan",
      "name": "bataan",
      "text": "Bataan",
      "region_id": "central_luzon"
    },
    {
      "id": "bulacan",
      "name": "bulacan",
      "text": "Bulacan",
      "region_id": "central_luzon"
    },
    {
      "id": "nueva_ecija",
      "name": "nueva_ecija",
      "text": "Nueva Ecija",
      "region_id": "central_luzon"
    },
    {
      "id": "pampanga",
      "name": "pampanga",
      "text": "Pampanga",
      "region_id": "central_luzon"
    },
    {
      "id": "tarlac",
      "name": "tarlac",
      "text": "Tarlac",
      "region_id": "central_luzon"
    },
    {
      "id": "zambales",
      "name": "zambales",
      "text": "Zambales",
      "region_id": "central_luzon"
    },
    {
      "id": "batangas",
      "name": "batangas",
      "text": "Batangas",
      "region_id": "calabarzon"
    },
    {
      "id": "cavite",
      "name": "cavite",
      "text": "Cavite",
      "region_id": "calabarzon"
    },
    {
      "id": "laguna",
      "name": "laguna",
      "text": "Laguna",
      "region_id": "calabarzon"
    },
    {
      "id": "quezon",
      "name": "quezon",
      "text": "Quezon",
      "region_id": "calabarzon"
    },
    {
      "id": "rizal",
      "name": "rizal",
      "text": "Rizal",
      "region_id": "calabarzon"
    },
    {
      "id": "marinduque",
      "name": "marinduque",
      "text": "Marinduque",
      "region_id": "mimaropa"
    },
    {
      "id": "occidental_mindoro",
      "name": "occidental_mindoro",
      "text": "Occidental Mindoro",
      "region_id": "mimaropa"
    },
    {
      "id": "oriental_mindoro",
      "name": "oriental_mindoro",
      "text": "Oriental Mindoro",
      "region_id": "mimaropa"
    },
    {
      "id": "palawan",
      "name": "palawan",
      "text": "Palawan",
      "region_id": "mimaropa"
    },
    {
      "id": "romblon",
      "name": "romblon",
      "text": "Romblon",
      "region_id": "mimaropa"
    },
    {
      "id": "albay",
      "name": "albay",
      "text": "Albay",
      "region_id": "bicol_region"
    },
    {
      "id": "camarines_norte",
      "name": "camarines_norte",
      "text": "Camarines Norte",
      "region_id": "bicol_region"
    },
    {
      "id": "camarines_sur",
      "name": "camarines_sur",
      "text": "Camarines Sur",
      "region_id": "bicol_region"
    },
    {
      "id": "catanduanes",
      "name": "catanduanes",
      "text": "Catanduanes",
      "region_id": "bicol_region"
    },
    {
      "id": "masbate",
      "name": "masbate",
      "text": "Masbate",
      "region_id": "bicol_region"
    },
    {
      "id": "sorsogon",
      "name": "sorsogon",
      "text": "Sorsogon",
      "region_id": "bicol_region"
    },
    {
      "id": "abra",
      "name": "abra",
      "text": "Abra",
      "region_id": "cordillera_administrative_region"
    },
    {
      "id": "apayao",
      "name": "apayao",
      "text": "Apayao",
      "region_id": "cordillera_administrative_region"
    },
    {
      "id": "benguet",
      "name": "benguet",
      "text": "Benguet",
      "region_id": "cordillera_administrative_region"
    },
    {
      "id": "ifugao",
      "name": "ifugao",
      "text": "Ifugao",
      "region_id": "cordillera_administrative_region"
    },
    {
      "id": "kalinga",
      "name": "kalinga",
      "text": "Kalinga",
      "region_id": "cordillera_administrative_region"
    },
    {
      "id": "mountain_province",
      "name": "mountain_province",
      "text": "Mountain Province",
      "region_id": "cordillera_administrative_region"
    },
    {
      "id": "metro_manila",
      "name": "metro_manila",
      "text": "Metro Manila",
      "region_id": "national_capital_region"
    },
    {
      "id": "aklan",
      "name": "aklan",
      "text": "Aklan",
      "region_id": "western_visayas"
    },
    {
      "id": "antique",
      "name": "antique",
      "text": "Antique",
      "region_id": "western_visayas"
    },
    {
      "id": "capiz",
      "name": "capiz",
      "text": "Capiz",
      "region_id": "western_visayas"
    },
    {
      "id": "guimaras",
      "name": "guimaras",
      "text": "Guimaras",
      "region_id": "western_visayas"
    },
    {
      "id": "iloilo",
      "name": "iloilo",
      "text": "Iloilo",
      "region_id": "western_visayas"
    },
    {
      "id": "negros_occidental",
      "name": "negros_occidental",
      "text": "Negros Occidental",
      "region_id": "western_visayas"
    },
    {
      "id": "bohol",
      "name": "bohol",
      "text": "Bohol",
      "region_id": "central_visayas"
    },
    {
      "id": "cebu",
      "name": "cebu",
      "text": "Cebu",
      "region_id": "central_visayas"
    },
    {
      "id": "negros_oriental",
      "name": "negros_oriental",
      "text": "Negros Oriental",
      "region_id": "central_visayas"
    },
    {
      "id": "siquijor",
      "name": "siquijor",
      "text": "Siquijor",
      "region_id": "central_visayas"
    },
    {
      "id": "biliran",
      "name": "biliran",
      "text": "Biliran",
      "region_id": "eastern_visayas"
    },
    {
      "id": "eastern_samar",
      "name": "eastern_samar",
      "text": "Eastern Samar",
      "region_id": "eastern_visayas"
    },
    {
      "id": "leyte",
      "name": "leyte",
      "text": "Leyte",
      "region_id": "eastern_visayas"
    },
    {
      "id": "northern_samar",
      "name": "northern_samar",
      "text": "Northern Samar",
      "region_id": "eastern_visayas"
    },
    {
      "id": "samar",
      "name": "samar",
      "text": "Samar",
      "region_id": "eastern_visayas"
    },
    {
      "id": "southern_leyte",
      "name": "southern_leyte",
      "text": "Southern Leyte",
      "region_id": "eastern_visayas"
    },
    {
      "id": "zamboanga_del_norte",
      "name": "zamboanga_del_norte",
      "text": "Zamboanga del Norte",
      "region_id": "zamboanga_peninsula"
    },
    {
      "id": "zamboanga_del_sur",
      "name": "zamboanga_del_sur",
      "text": "Zamboanga del Sur",
      "region_id": "zamboanga_peninsula"
    },
    {
      "id": "zamboanga_sibugay",
      "name": "zamboanga_sibugay",
      "text": "Zamboanga Sibugay",
      "region_id": "zamboanga_peninsula"
    },
    {
      "id": "bukidnon",
      "name": "bukidnon",
      "text": "Bukidnon",
      "region_id": "northern_mindanao"
    },
    {
      "id": "camiguin",
      "name": "camiguin",
      "text": "Camiguin",
      "region_id": "northern_mindanao"
    },
    {
      "id": "lanao_del_norte",
      "name": "lanao_del_norte",
      "text": "Lanao del Norte",
      "region_id": "northern_mindanao"
    },
    {
      "id": "misamis_occidental",
      "name": "misamis_occidental",
      "text": "Misamis Occidental",
      "region_id": "northern_mindanao"
    },
    {
      "id": "misamis_oriental",
      "name": "misamis_oriental",
      "text": "Misamis Oriental",
      "region_id": "northern_mindanao"
    },
    {
      "id": "davao_de_oro",
      "name": "davao_de_oro",
      "text": "Davao de Oro",
      "region_id": "davao_region"
    },
    {
      "id": "davao_del_norte",
      "name": "davao_del_norte",
      "text": "Davao del Norte",
      "region_id": "davao_region"
    },
    {
      "id": "davao_del_sur",
      "name": "davao_del_sur",
      "text": "Davao del Sur",
      "region_id": "davao_region"
    },
    {
      "id": "davao_occidental",
      "name": "davao_occidental",
      "text": "Davao Occidental",
      "region_id": "davao_region"
    },
    {
      "id": "davao_oriental",
      "name": "davao_oriental",
      "text": "Davao Oriental",
      "region_id": "davao_region"
    },
    {
      "id": "cotabato",
      "name": "cotabato",
      "text": "Cotabato",
      "region_id": "soccsksargen"
    },
    {
      "id": "sarangani",
      "name": "sarangani",
      "text": "Sarangani",
      "region_id": "soccsksargen"
    },
    {
      "id": "south_cotabato",
      "name": "south_cotabato",
      "text": "South Cotabato",
      "region_id": "soccsksargen"
    },
    {
      "id": "sultan_kudarat",
      "name": "sultan_kudarat",
      "text": "Sultan Kudarat",
      "region_id": "soccsksargen"
    },
    {
      "id": "agusan_del_norte",
      "name": "agusan_del_norte",
      "text": "Agusan del Norte",
      "region_id": "caraga"
    },
    {
      "id": "agusan_del_sur",
      "name": "agusan_del_sur",
      "text": "Agusan del Sur",
      "region_id": "caraga"
    },
    {
      "id": "dinagat_islands",
      "name": "dinagat_islands",
      "text": "Dinagat Islands",
      "region_id": "caraga"
    },
    {
      "id": "surigao_del_norte",
      "name": "surigao_del_norte",
      "text": "Surigao del Norte",
      "region_id": "caraga"
    },
    {
      "id": "surigao_del_sur",
      "name": "surigao_del_sur",
      "text": "Surigao del Sur",
      "region_id": "caraga"
    },
    {
      "id": "basilan",
      "name": "basilan",
      "text": "Basilan",
      "region_id": "bangsamoro_autonomous_region_in_muslim_mindanao"
    },
    {
      "id": "lanao_del_sur",
      "name": "lanao_del_sur",
      "text": "Lanao del Sur",
      "region_id": "bangsamoro_autonomous_region_in_muslim_mindanao"
    },
    {
      "id": "maguindanao_del_norte",
      "name": "maguindanao_del_norte",
      "text": "Maguindanao del Norte",
      "region_id": "bangsamoro_autonomous_region_in_muslim_mindanao"
    },
    {
      "id": "maguindanao_del_sur",
      "name": "maguindanao_del_sur",
      "text": "Maguindanao del Sur",
      "region_id": "bangsamoro_autonomous_region_in_muslim_mindanao"
    },
    {
      "id": "sulu",
      "name": "sulu",
      "text": "Sulu",
      "region_id": "bangsamoro_autonomous_region_in_muslim_mindanao"
    },
    {
      "id": "tawi_tawi",
      "name": "tawi_tawi",
      "text": "Tawi-Tawi",
      "region_id": "bangsamoro_autonomous_region_in_muslim_mindanao"
    }
  ],
  "_source": {
    "name": "facilitator_ph_sheets",
    "path": "data/deployment_data_ph.xlsx",
    "url": "https://docs.google.com/spreadsheets/d/1LtxwxG7d_JRMZ9MckE5Rc8Ubn4KGUsdZFqsGcH2EdKg"
  }
}